id,opis,oczekiwane,kategoria_modelu,wyjasnienie_pierwotne,analiza_logiki,ocena_jakosci,auto_krytyka,cytaty_z_odpowiedzi
1,"Pacjent zgłasza nagły, silny ból w klatce piersiowej promieniujący do lewej ręki, duszność, zimne poty i nudności.",PILNE,PILNE,Opisuje objawy typowe dla zawału serca. Wymaga natychmiastowej pomocy medycznej w SOR.,"Odpowiedź zakłada, że objawy pacjenta (nagły silny ból w klatce piersiowej, promieniujący do lewej ręki, duszność, zimne poty i nudności) są typowe dla zawału serca. Na tej podstawie zaleca natychmiastowe poszukanie pomocy medycznej.",80,"Chociaż objawy mogą wskazywać na zawał serca, istnieje możliwość, że są to objawy innego schorzenia kardiologicznego lub nawet nie kardiologicznego. Bez pełnego wywiadu i badania lekarskiego trudno jest jednoznacznie postawić diagnozę.","['nagły, silny ból w klatce piersiowej', 'duszność', 'zimne poty']"
2,"Nagłe osłabienie prawej strony ciała, opadanie kącika ust, problemy z mową, objawy pojawiły się godzinę temu.",PILNE,PILNE,"Objawy wskazują na potencjalny udar mózgu, wymagający natychmiastowej pomocy medycznej w szpitalu.","Odpowiedź stwierdza, że objawy pacjenta wskazują na potencjalny udar mózgu. To rozumowanie opiera się na założeniu, że opisane przez pacjenta dolegliwości (osłabienie prawej strony ciała, opadanie kącika ust, problemy z mową) są charakterystyczne dla udaru.",90,Możliwe pomylenie z innym schorzeniem o podobnych objawach np. napadami padaczkowymi. Brak szczegółów medycznych utrudnia precyzyjną diagnozę.,"['Nagłe osłabienie prawej strony ciała', 'opadanie kącika ust', 'problemy z mową']"
3,"Silny ból głowy o nagłym początku, najsilniejszy w życiu, sztywność karku i nudności.",PILNE,PILNE,"Silny, nagły ból głowy z towarzyszącymi objawami takimi jak sztywność karku i nudności mogą wskazywać na poważne schorzenie, np. udar mózgu.","Odpowiedź zakłada, że silny, nagły ból głowy (szczególnie ""najsilniejszy w życiu"") w połączeniu z sztywnością karku i nudnościami może wskazywać na poważne schorzenie, takie jak udar mózgu. ",70,Możliwe pomylenie z innymi stanami neurologicznymi lub problemami mięśniowymi. Brak informacji o wieku pacjenta i innych objawach.,"['Silny ból głowy o nagłym początku', 'najsilniejszy w życiu', 'sztywność karku']"
4,"Pacjent po urazie głowy, chwilowa utrata przytomności, dezorientacja i wymioty.",PILNE,PILNE,"Utrata przytomności, dezorientacja i wymioty po urazie głowy wskazują na potencjalne poważne uszkodzenie mózgu.","Odpowiedź zakłada, że utrata przytomności, dezorientacja i wymioty po urazie głowy są jednoznacznymi oznakami poważnego uszkodzenia mózgu.",60,Możliwe pomylenie z innymi przyczynami takich objawów. Należy zbadać dalszą historię medyczną pacjenta i przeprowadzić dokładny wywiad.,"['Utrata przytomności, dezorientacja i wymioty po urazie głowy wskazują na potencjalne poważne uszkodzenie mózgu.']"
5,"Wysoka gorączka powyżej 39 stopni, dreszcze, przyspieszony oddech i spadek ciśnienia.",PILNE,PILNE,"Wysoka gorączka, dreszcze, przyspieszony oddech i spadek ciśnienia mogą wskazywać na poważną infekcję lub stan septyczny.","Odpowiedź zakłada, że zestaw objawów pacjenta (gorączka, dreszcze, przyspieszony oddech, spadek ciśnienia) może wskazywać na poważne schorzenia takie jak infekcja lub sepsa. Logika opiera się na korelacji między opisanymi objawami a tymi typowymi dla tych stanów medycznych.",70,Możliwe pomylenie z innymi schorzeniami wywołującymi podobne objawy. Należy przeprowadzić dokładną diagnozę uwzględniającą historię choroby i inne czynniki.,"['Wysoka gorączka powyżej 39 stopni', 'dreszcze', 'przyspieszony oddech', 'spadek ciśnienia']"
6,"Nagła duszność, świszczący oddech, obrzęk warg i języka po użądleniu owada.",PILNE,PILNE,"Objawy wskazują na poważną reakcję alergiczną (anaphilaxja), wymagającą natychmiastowej pomocy medycznej.","Odpowiedź stwierdza, że objawy wskazują na poważną reakcję alergiczną (anaphilaxję), ponieważ pacjent doświadcza nagłej duszności, świszczącego oddechu i obrzęku warg i języka po użądleniu owada.  To zestawienie objawów jest charakterystyczny dla anafilaksji.",95,"Możliwe pomylenie z innymi stanami powodującymi duszność i obrzęk, np. wstrząsem anafilaktycznym spowodowanym innym czynnikiem niż użądlenie owada.","['Nagła duszność', 'świszczący oddech', 'obrzęk warg i języka po użądleniu owada']"
7,"Silny ból brzucha z twardością powłok, nasilający się przy dotyku, gorączka.",PILNE,PILNE,Silny ból brzucha z twardością i gorączką mogą wskazywać na poważne zapalenie otrzewnej lub inne stan zapalny narządów wewnętrznych.,"Odpowiedź zakłada korelacja między opisywanymi objawami a stanem zapalnym otrzewnej lub narządów wewnętrznych. Wynika to z faktu, że ból brzucha, twardość powłok i gorączka są typowymi objawami takich stanów zapalnych.",70,"Mimo że opisane objawy mogą wskazywać na poważne zapalenie, istnieje możliwość, że przyczyną jest coś innego. Brak informacji o historii medycznej pacjenta i innych szczegółach klinicznych utrudnia precyzyjne rozpoznanie.","['Silny ból brzucha z twardością powłok', 'nasilający się przy dotyku', 'gorączka']"
8,"Obfite krwawienie z przewodu pokarmowego, czarne stolce i osłabienie.",PILNE,PILNE,"Obfite krwawienie z przewodu pokarmowego i czarne stolce wskazują na poważne problemy żołądkowo-jelitowe, wymagające natychmiastowej pomocy medycznej.","Odpowiedź oparta na założeniu, że obfite krwawienie z przewodu pokarmowego i czarne stolce są poważnymi objawami żołądkowo-jelitowymi.  Nie została jednak rozważona inna możliwość przyczyn tych objawów.",60,Możliwe pomylenie z innymi chorobami powodującymi takie objawy np. zatruciem pokarmowym czy krwawieniem z nosa. Brak weryfikacji stopnia zagrożenia.,"['Obfite krwawienie z przewodu pokarmowego', 'Czarne stolce']"
9,"Pacjent z cukrzycą, splątany, zimna skóra, drżenie rąk, bardzo niskie stężenie glukozy.",PILNE,PILNE,"Pacjent wykazuje objawy hipoglikemii (niskie stężenie glukozy), które mogą grozić życiu. Wymaga natychmiastowej pomocy medycznej.","Odpowiedź oparła się na bezpośrednim stwierdzeniu ""bardzo niskie stężenie glukozy"" w opisie pacjenta. To sugeruje hipoglikemię, a następnie wskazano natychmiastową pomoc medyczną jako reakcję.",90,"Pomijana jest możliwość innych przyczyn objawów, takich jak reakcja na lek lub inne schorzenia. Brak szczegółowych informacji o pacjencie utrudnia precyzyjną diagnozę.",['bardzo niskie stężenie glukozy']
10,"Nagły spadek widzenia w jednym oku, bez bólu, objawy od kilkunastu minut.",PILNE,PILNE,Nagły spadek widzenia może być oznaką poważnego problemu neurologicznego lub naczyniowego wymagającego natychmiastowej oceny medycznej.,"Odpowiedź oparta jest na założeniu, że nagły spadek widzenia może wskazywać na poważny problem medyczny wymagający natychmiastowej oceny. Nie analizuje jednak przyczyn takiego spadku widzenia.",70,"Możliwe pomylenie z łagodniejszą przypadłością, np. migreną ocznej. Brak weryfikacji innych potencjalnych przyczyn.",['Nagły spadek widzenia']
11,"Silny ból w klatce piersiowej nasilający się przy oddychaniu, kaszel z krwią.",PILNE,PILNE,Silny ból w klatce piersiowej i kaszel z krwią mogą wskazywać na poważne problemy kardiologiczne lub płucne wymagające natychmiastowej pomocy medycznej.,"Odpowiedź oparta jest na założeniu, że objawy takie jak silny ból w klatce piersiowej nasilający się przy oddychaniu oraz kaszel z krwią mogą wskazywać na poważne problemy kardiologiczne lub płucne.  Logika sprowadza się do identyfikacji potencjalnie groźnych symptomów i zalecenia natychmiastowej pomocy medycznej.",80,"Pominięto możliwość innych przyczyn bólu w klatce piersiowej niż problemy kardiologiczne lub płucne (np. choroby mięśni, zapalenie pęcherza moczowego). Brak jest również informacji o stanie ogólnym pacjenta, co mogłoby pomóc w bardziej precyzyjnej ocenie sytuacji.","['Silny ból w klatce piersiowej', 'kaszel z krwią']"
12,"Ostry ból brzucha po prawej stronie, gorączka, nudności, brak apetytu.",PILNE,DO LEKARZA,"Objawy takie jak ostry ból brzucha, gorączka i nudności mogą wskazywać na infekcję lub inne schorzenia wymagające wizyty u lekarza.","Odpowiedź zauważa powiązanie objawów pacjenta (ostry ból brzucha, gorączka, nudności) z potencjalnymi infekcjami lub innymi schorzeniami.  Logika polega na tym, że te symptomy mogą wskazywać na potrzebę medycznej diagnozy i leczenia.",70,"Odpowiedź jest zbyt ogólna. Nie uwzględnia specyfiki bólu po prawej stronie brzucha, co mogłoby sugerować problemy z wątrobą, pęcherzykiem żółciowym lub innymi narządami w tej okolicy.","['ostry ból brzucha', 'gorączka', 'nudności']"
13,"Nagłe kołatanie serca, zawroty głowy, uczucie omdlewania.",PILNE,PILNE,Objawy sugerują potencjalny problem kardiologiczny wymagający natychmiastowej oceny medycznej w SOR.,"Odpowiedź stwierdza, że objawy sugerują potencjalny problem kardiologiczny i zaleca natychmiastową ocenę medyczną w SOR. Tok rozumowania opiera się na wiązaniu objawów pacjenta - kołatanie serca, zawroty głowy i uczucie omdlewania - z potencjalnym problemem kardiologicznym.",90,"Możliwe pominięcie innych przyczyn objawów, np. hipoglikemia lub zaburzenia układu nerwowego. Brak informacji o historii medycznej pacjenta.","['Nagłe kołatanie serca', 'zawroty głowy', 'uczucie omdlewania']"
14,"Uraz komunikacyjny, ból kręgosłupa, drętwienie kończyn dolnych.",PILNE,DO LEKARZA,"Uraz komunikacyjny i drętwienie mogą wskazywać na problem nerwowy lub ucisk na nerwy w kręgosłupie, wymagające wizyty lekarskiej.","Odpowiedź zakłada, że uraz komunikacyjny (może sugerować obrażeń głowy lub szyi) oraz drętwienie kończyn dolnych mogą wskazywać na problem nerwowy. Z kolei ból kręgosłupa może być efektem urazu lub zapalenia w okolicach pleców.",75,Możliwe pomylenie uraz komunikacyjny z innym rodzajem urazu np. uraz nerwowy. Brak weryfikacji przyczyny drętwienia kończyn dolnych.,"['Urazy komunikacyjne', 'drętwienie mogą wskazywać na problem nerwowy']"
15,"Wysoka gorączka u dziecka, sztywność karku, nadwrażliwość na światło.",PILNE,PILNE,"Objawy takie jak wysoka gorączka, sztywność karku i nadwrażliwość na światło mogą wskazywać na meningit, stan wymagający natychmiastowej pomocy medycznej.","Odpowiedź oparła się na rozumowaniu, że podane objawy (wysoka gorączka, sztywność karku, nadwrażliwość na światło) mogą być charakterystyczne dla meningitu. W związku z tym zalecono natychmiastową pomoc medyczną.",80,"Pomimo że podane objawy są częściowo zgodne z objawami meningitu, istnieje ryzyko pomylenia z innymi chorobami, takimi jak grypa, zapalenie opon mózgowych czy zatrucie. Brakuje szczegółów u pacjenta, aby jednoznacznie postawić diagnozę.","['Wysoka gorączka', 'sztywność karku', 'nadwrażliwość na światło']"
16,"Nagła utrata przytomności u osoby starszej, brak kontaktu przez kilka minut.",PILNE,PILNE,"Nagła utrata przytomności i brak kontaktu wskazują na poważne zagrożenie życia, możliwe udar lub inne medyczne problemy wymagające natychmiastowej interwencji.","Odpowiedź oparta jest na założeniu, że nagła utrata przytomności i brak kontaktu u osoby starszej są poważnymi objawami wskazującymi na zagrożenie życia.",80,"Możliwe pominięcie innych przyczyn nagłej utraty przytomności, takich jak napad padaczkowy lub hipoglikemia. Brak informacji o towarzyszących objawach uniemożliwia precyzyjniejsze określenie potencjalnych diagnoz.","['Nagła utrata przytomności', 'brak kontaktu przez kilka minut']"
17,"Silna reakcja alergiczna po leku, pokrzywka, duszność, spadek ciśnienia.",PILNE,PILNE,"Silna reakcja alergiczna z pokrzywką, dusznością i spadkiem ciśnienia wskazuje na anafilaksję, stan wymagający natychmiastowej pomocy medycznej.","Odpowiedź zakłada, że wszystkie wymienione objawy pacjenta (silna reakcja alergiczna, pokrzywka, duszność i spadek ciśnienia) wskazują na anafilaksję. Została podana krótka informacja o potrzebie natychmiastowej pomocy medycznej.",90,"Możliwe pominięcie innych potencjalnych diagnoz, które mogą powodować podobne objawy. Brak szczegółów na temat stopnia nasilenia poszczególnych symptomów.","['Silna reakcja alergiczna po leku', 'pokrzywka', 'duszność', 'spadek ciśnienia']"
18,"Ostry ból jądra, nagły początek, nudności.",PILNE,PILNE,"Ostry ból jądra, zwłaszcza nagły, może wskazywać na zwichnięcie lub inne poważne urazy, wymagające natychmiastowej pomocy medycznej.","Odpowiedź zakłada, że ostry ból jądra i nagły jego początek wskazują na poważne urazy, takie jak zwichnięcie.  Nie uwzględnia innych potencjalnych przyczyn bólu.",70,"Możliwe pomylenie z innymi schorzeniami powodującymi ból jądra, np. zapalenie jąder, torbiel, czy kamica w kanalikach moczowych.","['Ostry ból jądra', 'nagiły początek']"
19,Pacjent zgłasza silny ból w klatce piersiowej połączony z dusznością i kaszlem.,PILNE,PILNE,"Silny ból w klatce piersiowej, duszność i kaszel mogą wskazywać na poważne problemy kardiologiczne lub chorobę płucną wymagające natychmiastowej pomocy medycznej.","Odpowiedź oparta jest na założeniu, że objawy pacjenta (silny ból w klatce piersiowej, duszność i kaszel) są powszechnymi dolegliwościami przy poważnych problemach kardiologicznych lub chorobach płucnych. Logiczną konsekwencją tego założenia jest zalecenie natychmiastowej pomocy medycznej.",70,"Odpowiedź jest w dużym stopniu adekwatna, ale zbyt ogólna. Mogłoby to prowadzić do nadmiernej paniki u pacjenta, ignorując możliwe inne przyczyny objawów (np. zapalenie oskrzeli). Zalecenie konkretnego działania (np., natychmiastowy wyjazd po karetkę) jest zbyt dosadne bez dalszego badania.","['silny ból w klatce piersiowej', 'duszność i kaszel']"
20,Nagłe pogorszenie stanu chorego onkologicznego z dusznością i bólem.,PILNE,PILNE,"Nagłe pogorszenie stanu pacjenta onkologicznego z dusznością i bólem wymaga natychmiastowej pomocy medycznej, możliwe komplikacje wymagające SOR.","Odpowiedź zakłada, że nagłe pogorszenie stanu pacjenta onkologicznego z dusznością i bólem jest sygnałem potencjalnie poważnych komplikacji wymagających natychmiastowej pomocy medycznej.",90,"Możliwe pominięcie szczegółów dotyczących historii choroby pacjenta oraz innych towarzyszących objawów, które mogłyby skorygować ocenę ryzyka.","['nagłe pogorszenie stanu', 'dusznością i bólem']"
21,Drgawki u osoby dorosłej bez wcześniejszej padaczki.,PILNE,PILNE,"Drgawki u dorosłego bez historii padaczki mogą wskazywać na poważne zagrożenie dla życia, wymagające natychmiastowej pomocy medycznej.","Odpowiedź zakłada, że drgawki u dorosłego bez historii padaczki są zawsze poważnym zagrożeniem dla życia, wymagającym natychmiastowej pomocy medycznej.  Logika ta opiera się na założeniu, że brak wcześniejszej historii padaczki oznacza, że drgawki muszą być spowodowane czymś nowym i potencjalnie groźnym.",70,Możliwe pomylenie z rzadkimi przypadkami padaczki niewykrytej u dorosłych lub innymi schorzeniami neurologicznymi. Brak informacji o innych objawach pacjenta może wpłynąć na ocenę.,['Drgawki u osoby dorosłej bez wcześniejszej padaczki.']
22,Nagły silny ból pleców z osłabieniem nóg i zaburzeniem czucia.,PILNE,PILNE,"Objawy sugerują potencjalne uszkodzenie rdzenia kręgowego, co wymaga natychmiastowej oceny medycznej.","Odpowiedź opiera się na tym, że objawy pacjenta (nagły silny ból pleców, osłabienie nóg i zaburzenie czucia) są charakterystyczne dla potencjalnego uszkodzenia rdzenia kręgowego. ",90,"Możliwe pomylenie z innymi schorzeniami powodującymi podobne objawy, np.  zapaleniem korzeni nerwowych lub chorobą zwyrodnieniową kręgosłupa.","['nagły silny ból pleców', 'osłabienie nóg', 'zaburzenie czucia']"
23,"Ostra duszność nocna, pienista wydzielina z ust.",PILNE,PILNE,"Objawy takie jak ostra duszność i pienista wydzielina wskazują na potencjalny stan zagrożenia życia, wymagający natychmiastowej pomocy medycznej.","Odpowiedź zakłada, że ostra duszność i pianna wydzielina to poważne objawy, które mogą wskazywać na stan zagrożenia życia.",80,"Możliwe, że pacjent odczuwa duszność z powodu innych mniej poważnych przyczyn (np. astmy czy alergii), które wymagają diagnozy i leczenia.","['Ostra duszność', 'pienista wydzielina']"
24,Zatrzymanie oddawania moczu z silnym bólem podbrzusza.,PILNE,PILNE,"Zatrzymanie oddawania moczu z silnym bólem podbrzusza może wskazywać na poważne zapalenie pęcherza lub kamicę nerkową, wymagające natychmiastowej opieki medycznej.","Odpowiedź zakłada, że objawy pacjenta (zatrzymanie oddawania moczu i ból w podbrzuszu) wskazują na poważne schorzenia takie jak zapalenie pęcherza lub kamica nerkowa. Logika opiera się na korelacji objawów z potencjalnymi diagnozami.",70,"Pomijane są inne możliwe przyczyny bólu w podbrzuszu i zatrzymania moczu, takie jak infekcje dróg moczowych, kamica pęcherzykowa, zapalenie otrzewnej czy nawet stres. Brak szczegółów o obrazie klinicznym pacjenta.",['Zatrzymanie oddawania moczu z silnym bólem podbrzusza.']
25,Ciężkie odwodnienie z zaburzeniami świadomości.,PILNE,PILNE,"Ciężkie odwodnienie może szybko zagrozić życiu, a zaburzenia świadomości wskazują na poważny problem. Wymaga natychmiastowej pomocy medycznej.","Odpowiedź zauważa, że ciężkie odwodnienie może być zagrożeniem dla życia i że zaburzenia świadomości wskazują na poważny problem. Logika polega na tym, że oba te objawy razem sugerują potrzebę natychmiastowej pomocy medycznej.",90,"Możliwe pominięcie innych potencjalnych przyczyn zaburzeń świadomości. Nie uwzględniono również szczegółów dotyczących stanu pacjenta, które mogłyby skorygować ocenę zagrożenia.","['Ciężkie odwodnienie może szybko zagrozić życiu', 'zaburzenia świadomości wskazują na poważny problem']"
26,"Gorączka około 38 stopni utrzymująca się od 3 dni, kaszel, osłabienie.",DO LEKARZA,DO LEKARZA,"Gorączka trwająca dłużej niż dwa dni i towarzyszące jej objawy jak kaszel i osłabienie wskazują na infekcje, wymagające konsultacji lekarskiej.","Odpowiedź opiera się na założeniu, że objawy takie jak gorączka trwająca dłużej niż dwa dni, kaszel i osłabienie są charakterystyczne dla infekcji.",80,Możliwe pomylenie z innymi schorzeniami o podobnych objawach. Brak informacji na temat innych symptomów lub historii medycznej pacjenta.,"['Gorączka trwająca dłużej niż dwa dni', 'kaszel i osłabienie wskazują na infekcje']"
27,"Ból brzucha trwający kilka dni, okresowe nudności, brak poprawy.",DO LEKARZA,DO LEKARZA,Ból brzucha utrzymujący się przez kilka dni i nudności sugerują możliwość poważniejszego problemu wymagającego diagnostyki lekarskiej.,"Odpowiedź zakłada, że ból brzucha utrzymujący się przez kilka dni i towarzyszące mu nudności wskazują na poważny problem medyczny, który wymaga diagnostyki lekarskiej. Logika opiera się na założeniu, że te objawy nie są zwykłymi dolegliwościami, ale mogą świadczyć o chorobie.",80,"Możliwe pominięcie informacji o charakterze bólu, jego lokalizacji i innych towarzyszących objawach. Nie uwzględniono również wieku pacjenta, ewentualnych alergii lub leków przyjmowanych przez pacjenta.",['Ból brzucha utrzymujący się przez kilka dni i nudności sugerują możliwość poważniejszego problemu wymagającego diagnostyki lekarskiej.']
28,"Ból ucha, pogorszenie słuchu, stan podgorączkowy.",DO LEKARZA,DO LEKARZA,Ból ucha i pogorszenie słuchu wskazują na potencjalne zapalenie ucha środkowego. Stan podgorączkowy wymaga konsultacji lekarskiej.,"Odpowiedź opiera się na tym, że ból ucha i pogorszenie słuchu to częste objawy zapalenia ucha środkowego. Stan podgorączkowy również sugeruje infekcję, co potwierdza podejrzenie o zapalenie ucha.",75,Możliwe pomylenie z innymi chorobami usznymi lub infekcjami wirusowymi powodującymi podobne objawy. Brak informacji o konkretnym wieku pacjenta może wpłynąć na trafność diagnozy.,['Ból ucha i pogorszenie słuchu wskazują na potencjalne zapalenie ucha środkowego.']
29,"Nawracające bóle głowy, nasilające się przy stresie.",DO LEKARZA,DO LEKARZA,"Nawracające bóle głowy mogą wskazywać na różne schorzenia, a ich nasilanie pod wpływem stresu wymaga konsultacji lekarskiej.","Odpowiedź oparta jest na założeniu, że nawracające bóle głowy mogą mieć różne przyczyny i potrzebne są dalsze badania diagnostyczne.",80,"Pominięto wskazanie konkretnych potencjalnych przyczyn bólów głowy (np. migrena, napięciowe bóle głowy) oraz rodzaj konsultacji lekarskiej, który byłby odpowiedni.","['Nawracające bóle głowy', 'nasilające się przy stresie']"
30,"Kaszel z odkrztuszaniem wydzieliny, gorączka, ból w klatce piersiowej przy kaszlu.",DO LEKARZA,DO LEKARZA,"Objawy wskazują na potencjalne zapalenie płuc lub infekcję dróg oddechowych, które wymagają diagnostyki lekarskiej.","Asystent medyczny zidentyfikował objawy pacjenta: kaszel z odkrztuszaniem wydzieliny, gorączkę i ból w klatce piersiowej przy kaszlu. Zauważył, że te objawy mogą być charakterystyczne dla zapalenia płuc lub infekcji dróg oddechowych.",80,"Możliwe pominięcie innych potencjalnych przyczyn objawów, takich jak alergia, astma czy zapalenie oskrzeli. Zalecenie skierowania do lekarza jest poprawne, ale mogłoby być bardziej precyzyjne, np. sugerując specjalistę z dziedziny pneumologii.","['Kaszel z odkrztuszaniem wydzieliny', 'gorączka', 'ból w klatce piersiowej przy kaszlu']"
31,"Ból w dolnej części pleców promieniujący do nogi, utrzymujący się od tygodnia.",DO LEKARZA,DO LEKARZA,Ból w plecach trwający tydzień i promieniowanie do nogi mogą wskazywać na poważniejsze schorzenie niż zwykłe skurcze mięśniowe.,"Odpowiedź zakłada, że ból w dolnej części pleców trwający tydzień i promieniowanie do nogi są sygnałem potencjalnie poważniejszego schorzenia niż zwykły skurcz mięśniowy. Logika opiera się na założeniu, że długotrwały ból i jego rozprzestrzenienie na inne części ciała sugerują coś bardziej złożonego.",70,"Możliwe pomylenie z prostym skurczem mięśniowym, który może trwać dłużej niż jeden tydzień. Brak informacji o intensywności bólu i innych towarzyszących objawach.","['Ból w plecach trwający tydzień', 'promieniowanie do nogi']"
32,"Częste oddawanie moczu, pieczenie, stan podgorączkowy.",DO LEKARZA,DO LEKARZA,"Objawy wskazują na możliwe zakażenie układu moczowego, które wymaga wizyty lekarskiej dla postawienia diagnozy i rozpoczęcia leczenia.","Odpowiedź zakłada, że częstość oddawania moczu, pieczenie oraz stan podgorączkowy to typowe objawy zakażenia układu moczowego.",75,"Możliwe pomylenie z innymi schorzeniami o podobnych objawach, np. kamicą nerkową lub infekcją pęcherza moczowego.","['Częste oddawanie moczu', 'pieczenie', 'stan podgorączkowy']"
33,"Nasilający się ból kolana, obrzęk, ograniczenie ruchu.",DO LEKARZA,DO LEKARZA,"Nasilający się ból, obrzęk i ograniczenie ruchomości wskazują na potencjalne zapalenie stawów lub uraz, wymagające diagnozy medycznej.","Odpowiedź zauważa kluczowe objawy pacjenta: nasilający się ból, obrzęk i ograniczenie ruchomości kolana.  Na podstawie tych symptomów wnioskuje o potencjalnym problemie z układem ruchu, który może być związane z zapaleniem stawów lub urazem.",80,"Pominięto inne możliwe przyczyny objawów, takie jak np.  nowotwór, infekcja lub zaburzenia układu nerwowego. Diagnoza powinna być postawiona na podstawie dokładnej analizy medycznej.","['Nasilający się ból', 'obrzęk i ograniczenie ruchomości']"
34,"Ból gardła, powiększone migdałki, gorączka.",DO LEKARZA,DO LEKARZA,"Objawy wskazują na prawdopodobną infekcję górnych dróg oddechowych, która wymaga wizyty u lekarza w celu postawienia diagnozy i ewentualnego przepisania leczenia.","Odpowiedź wyciągnęła wnioski o potencjalnej infekcji górnych dróg oddechowych na podstawie opisu objawów pacjenta: ból gardła, powiększone migdałki i gorączka. Uznano to za wystarczający powód do rekomendacji wizyty u lekarza w celu potwierdzenia diagnozy i ewentualnego przepisania leczenia.",80,"Możliwe pominięcie innych potencjalnych przyczyn objawów, np. alergii lub zatrucia pokarmowego. Brak szczegółowych pytań dotyczących historii choroby pacjenta i jego stylu życia.",['Objawy wskazują na prawdopodobną infekcję górnych dróg oddechowych']
35,"Nawracające bóle brzucha po posiłkach, wzdęcia.",DO LEKARZA,DO LEKARZA,"Nawracające bóle brzucha mogą być spowodowane różnymi problemami, a wzdęcia wskazują na możliwą dysfunkcje trawienną. Wizyta u lekarza pomoże ustalić przyczynę i zalecić odpowiednie leczenie.","Odpowiedź zauważa powtarzające się bóle brzucha po jedzeniu oraz wzdęcia jako potencjalne oznaki dysfunkcji trawiennej. Wnioskuje, że wizyta u lekarza jest niezbędna do ustalenia przyczyny i zastosowania odpowiedniego leczenia.",80,"Pominięto możliwość wskazania częściowych rozwiązań lub zmian stylu życia, które mogą złagodzić objawy. Brak jest również wzmianki o ewentualnych czynnikach środowiskowych.","['Nawracające bóle brzucha', 'wzdęcia wskazują na możliwą dysfunkcje trawienną']"
36,"Wysypka skórna utrzymująca się kilka dni, świąd.",DO LEKARZA,DO LEKARZA,"Utrzymująca się wysypka i świąd mogą wskazywać na alergię lub infekcję, które wymagają diagnozy i leczenia.","Odpowiedź opiera się na założeniu, że wysypka skórna i świąd mogą być objawami alergii lub infekcji. Wynika to z rozumienia, że te schorzenia często powodują takie symptomy.",80,"Możliwe pominięcie innych potencjalnych przyczyn wysypki i świądu, np. reakcji na lek, chorobę skóry o niezapalnym charakterze lub stanów neurologicznych.","['wysypka skórna utrzymująca się kilka dni', 'świąd']"
37,"Ból w klatce piersiowej o charakterze kłującym, nasilający się przy ruchu.",DO LEKARZA,PILNE,Ból w klatce piersiowej może być oznaką choroby serca i wymaga natychmiastowej oceny medycznej.,"Odpowiedź zakłada bezpośredni związek bólu w klatce piersiowej z chorobą serca, ignorując inne możliwe przyczyny bólu.",30,"Możliwe pomylenie bólu w klatce piersiowej z objawami zawału serca.  Brak uwzględnienia innych potencjalnych przyczyn bólu w klatce piersiowej, takich jak zapalenie pęcherza płucnego, problemy kostne czy nerwowe.",['Ból w klatce piersiowej może być oznaką choroby serca']
38,"Zawroty głowy przy zmianie pozycji, bez utraty przytomności.",DO LEKARZA,DO LEKARZA,"Zawroty głowy przy zmianie pozycji mogą wskazywać na problem z krążeniem lub równowagą, wymagające diagnozy i ewentualnego leczenia.","Odpowiedź stwierdza, że zawroty głowy przy zmianie pozycji mogą wskazywać na problem z krążeniem lub równowagą. Wynika to z rozumowania, że takie objawy są typowe dla zaburzeń w tych obszarach.",70,"Możliwe pomylenie z innymi schorzeniami powodującymi zawroty głowy, np. migreną lub problemami neurologicznymi. Brak weryfikacji innych potencjalnych przyczyn.","['Zawroty głowy przy zmianie pozycji', 'problem z krążeniem lub równowagą']"
39,"Ból zęba nasilający się w nocy, obrzęk dziąsła.",DO LEKARZA,DO LEKARZA,Zaostrzające się bóle zębów i obrzęk dziąseł wskazują na potencjalne zapalenie zęba lub innego stanu wymagającego wizyty stomatologicznej.,"Odpowiedź zakłada, że ból zęba nasilający się w nocy i obrzęk dziąseł są symptomami zapalenia zęba lub innego stanu wymagającego wizyty u stomatologa. Logika opiera się na związku pomiędzy tymi objawami a powszechnymi problemami stomatologicznymi.",80,Możliwe pomylenie z innymi stanami zapalnymi w jamie ustnej lub ogólnie w organizmie. Brak szczegółów dotyczących historii choroby pacjenta.,"['Zaostrzające się bóle zębów', 'Obrze\xa0dziąseł']"
40,"Przewlekły kaszel u palacza, stopniowe pogorszenie tolerancji wysiłku.",DO LEKARZA,DO LEKARZA,"Stopniowe pogorszenie tolerancji wysiłku u palacza sugeruje potencjalne problemy z układami oddechowym lub krążeniowym, wymagające wizyty lekarskiej.","Odpowiedź stwierdza, że stopniowe pogorszenie tolerancji wysiłku może wskazywać na problemy z układem oddechowym lub krążeniowym u pacjenta palacza. Wynika to z założenia, że oba te systemy są narażone na negatywny wpływ palenia tytoniu i mogą powodować takie objawy.",70,"Możliwe pominięcie innych potencjalnych przyczyn stopniowego pogorszenia tolerancji wysiłku, takich jak problemy z układem mięśniowym lub hormonalne. Brak jest wzmianki o konieczności przeprowadzenia pełnej diagnozy lekarskiej.","['Stopniowe pogorszenie tolerancji wysiłku u palacza sugeruje potencjalne problemy z układami oddechowym lub krążeniowym', 'wymagające wizyty lekarskiej.']"
41,Ból brzucha i biegunka utrzymujące się ponad tydzień.,DO LEKARZA,DO LEKARZA,Prolongowane bóle brzucha i biegunka mogą wskazywać na infekcję lub inne schorzenie wymagające diagnozy i leczenia.,"Odpowiedź zauważa, że przedłużony ból brzucha i biegunka mogą wskazywać na schorzenie wymagające diagnozy i leczenia. Logika opiera się na rozumieniu, że te objawy są poważne ze względu na ich trwanie (ponad tydzień) i mogą być oznaką choroby.",80,Możliwe pominięcie konkretnych sugestii diagnostycznych lub wskazówek dotyczących leczenia w domu. Odpowiedź jest ogólna i nie uwzględnia potencjalnych przyczyn bólu brzucha i biegunki.,['Prolongowane bóle brzucha i biegunka']
42,"Uczucie ucisku w klatce piersiowej przy wysiłku, ustępujące w spoczynku.",DO LEKARZA,DO LEKARZA,Objawy takie jak uczucie ucisku w klatce piersiowej mogą wskazywać na problem z sercem i wymagają konsultacji lekarskiej.,"Odpowiedź zakłada, że uczucie ucisku w klatce piersiowej może być oznaką problemu sercowego.  Wyraża bezpośrednią relację między objawem a potencjalną chorobą.",70,Możliwe pomylenie z innymi schorzeniami takimi jak refluks żołądkowo-przełykowy lub stanami lękowymi. Brak szczegółowych informacji o pacjencie uniemożliwia precyzyjne określenie przyczyny ucisku.,['Objawy takie jak uczucie ucisku w klatce piersiowej mogą wskazywać na problem z sercem']
43,"Ból barku ograniczający ruch, bez urazu.",DO LEKARZA,DO LEKARZA,Ból ograniczający ruch wymaga konsultacji lekarza w celu ustalenia przyczyny i leczenia.,"Odpowiedź zakłada, że ból ograniczający ruch jest dostatecznie poważny, aby skłonić pacjenta do konsultacji lekarskiej.  Nie próbuje ustalić przyczyny bólu ani sugerować innych rozwiązań.",80,"Możliwe pomylenie z łagodnym bólem barku, który może ustąpić samoistnie. Brak weryfikacji stopnia nasilenia bólu i jego wpływu na codzienne życie.","['Ból ograniczający ruch', 'wymaga konsultacji lekarza']"
44,"Nasilające się zmęczenie, bladość skóry, zawroty głowy.",DO LEKARZA,DO LEKARZA,,BŁĄD PRZETWARZANIA,0,Illegal trailing comma before end of array: line 5 column 115 (char 510),[]
45,"Problemy ze snem, przewlekłe napięcie i bóle głowy.",DO LEKARZA,DO LEKARZA,"Przewlekłe napięcie i bóle głowy mogą wskazywać na poważniejsze problemy zdrowotne, wymagające konsultacji lekarskiej.","Odpowiedź zakłada, że przewlekłe napięcie i bóle głowy mogą być symptomami poważniejszych problemów zdrowotnych. Z tego powodu zaleca konsultację lekarską.",75,"Możliwe pomylenie z innymi przyczynami bólu głowy i napięcia, które nie wymagają natychmiastowej konsultacji lekarskiej. Brak informacji o częstotliwości lub intensywności objawów.",['Przewlekłe napięcie i bóle głowy.']
46,Ból nadgarstka utrzymujący się od kilku dni.,DO LEKARZA,DO LEKARZA,"Utrzymujący się ból nadgarstka przez kilka dni może wskazywać na uraz lub zapalenie, wymagające diagnozy i leczenia.","Odpowiedź zakłada, że ból nadgarstka trwający kilka dni może być spowodowany urazem lub zapaleniem. To logiczne założenie, ponieważ te stany mogą powodować takie objawy.",70,Możliwe pomylenie z innymi schorzeniami niż urazy lub zapalenia. Brak szczegółów dotyczących charakteru bólu (np. ostry/ciepły) może uniemożliwić precyzyjniejszą diagnozę.,['Ból nadgarstka utrzymujący się od kilku dni.']
47,"Ból stopy przy chodzeniu, bez urazu.",DO LEKARZA,DO LEKARZA,"Ból stopy podczas chodzenia może wskazywać na wiele przyczyn, od zwyrodnień po infekcje. Warto skonsultować się z lekarzem dla dokładnej diagnozy i leczenia.","Odpowiedź zauważa, że ból stopy podczas chodzenia może być spowodowany wieloma czynnikami, od zwyrodnień po infekcje. Następnie zaleca skonsultowanie się z lekarzem dla dokładnej diagnozy i leczenia.",90,"Możliwe pominięcie szczegółowych pytań dotyczących charakteru bólu, jego lokalizacji i trwania. Brak wzmianki o potencjalnych domowych metodach łagodzenia bólu.","['Ból stopy podczas chodzenia może wskazywać na wiele przyczyn', 'Warto skonsultować się z lekarzem dla dokładnej diagnozy i leczenia.']"
48,Utrata masy ciała bez zmiany diety.,DO LEKARZA,DO LEKARZA,"Utrata masy ciała bez zmiany diety może wskazywać na szereg problemów zdrowotnych, wymagających diagnostyki medycznej.","Odpowiedź opiera się na założeniu, że utrata masy ciała bez zmian w diecie jest anomalią, sugerującą problemy zdrowotne.",80,"Możliwe pominięcie innych czynników wpływających na masę ciała, takich jak zmiany poziomu aktywności fizycznej lub stres. Brak weryfikacji stanu zdrowia pacjenta.",['Utrata masy ciała bez zmiany diety']
49,Nawracające infekcje górnych dróg oddechowych.,DO LEKARZA,DO OBSERWACJI,"Nawracające infekcje górnych dróg oddechowych często przebiegają łagodnie i ustępują samoistnie. Pacjent może prowadzić normalny tryb życia, obserwując objawy.","Odpowiedź zakłada, że nawracające infekcje górnych dróg oddechowych to zazwyczaj łagodne schorzenia ustępujące samoistnie. Nie bierze jednak pod uwagę potencjalnej powagę stanu pacjenta ani możliwości zakażeń innych narządów.",40,Możliwe pomylenie z łagodnym przebiegiem infekcji. Nie uwzględniono potencjalnych powikłań ani potrzeby konsultacji lekarskiej.,['Nawracające infekcje górnych dróg oddechowych często przebiegają łagodnie i ustępują samoistnie.']
50,Długotrwała chrypka i uczucie drapania w gardle.,DO LEKARZA,DO LEKARZA,"Długotrwały kaszel i dyskomfort w gardle mogą wskazywać na infekcję lub zapalenie, które wymagają oceny lekarskiej.","Odpowiedź opiera się na założeniu, że długotrwały kaszel i dyskomfort w gardle są typowymi objawami infekcji lub zapalenia.  W związku z tym zaleca się konsultację lekarską w celu dokładnej diagnozy.",80,"Możliwe pomylenie z innymi schorzeniami powodującymi te objawy, np. alergią lub refluks żołądkowo-przełykowym. Brak informacji o innych objawach pacjenta.",['Długotrwały kaszel i dyskomfort w gardle mogą wskazywać na infekcję lub zapalenie']
51,"Lekki ból gardła i katar trwające od wczoraj, bez gorączki.",DO OBSERWACJI,DO OBSERWACJI,Objawy sugerują łagodne przeziębienie. Brak gorączki wskazuje na łagodny przebieg.,"Odpowiedź zakłada, że lekki ból gardła i katar to objawy przeziębienia, a brak gorączki wskazuje na łagodny przebieg choroby.",70,"Możliwe pomylenie z innymi chorobami wywołującymi podobne objawy, np. alergią lub infekcjami bakteryjnymi. Brak informacji na temat innych objawów pacjenta (np. bólu głowy, zmęczenia) może ograniczyć dokładność diagnozy.","['Lekki ból gardła i katar', 'Brak gorączki']"
52,Okresowy ból głowy ustępujący po odpoczynku.,DO OBSERWACJI,DO OBSERWACJI,"Okresowy ból głowy, ustępujący po odpoczynku, wskazuje na łagodną przyczynę, np. stres lub zmęczenie.","Odpowiedź zakłada, że okresowy ból głowy ustępujący po odpoczynku jest łagodny i wynika z przyczyn codziennego życia, takich jak stres lub zmęczenie.",60,"Pominięto potencjalnie poważniejsze przyczyny bólu głowy, które wymagają dalszego badania. Przykładem mogą być migreny, zapalenie mózgu lub inne schorzenia neurologiczne.","['Okresowy ból głowy', 'ustępujący po odpoczynku']"
53,Ból mięśni po intensywnym wysiłku fizycznym.,DO OBSERWACJI,DO OBSERWACJI,"Ból mięśni po intensywnym wysiłku jest częstym zjawiskiem, zazwyczaj ustępuje samoistnie w ciągu kilku dni.","Odpowiedź zakłada, że ból mięśni pojawiający się po intensywnym wysiłku fizycznym jest normalnym zjawiskiem, które zazwyczaj ustępuje samoistnie.  Logika opiera się na powszechnej wiedzy o reakcjach organizmu na obciążenie.",70,"Możliwe pominięcie innych przyczyn bólu mięśniowego, np. kontuzji lub stanu zapalnego. Brak informacji o charakterze bólu (np., ostry, przewlekły), intensywności i trwaniu.","['Ból mięśni po intensywnym wysiłku jest częstym zjawiskiem', 'zazwyczaj ustępuje samoistnie w ciągu kilku dni']"
54,"Niewielka gorączka 37.5 stopnia, złe samopoczucie.",DO OBSERWACJI,DO OBSERWACJI,Łagodna gorączka i złe samopoczucie wskazują na możliwe przeziębienie. Pacjent jest stabilny i objawy nie są alarmistyczne.,"Odpowiedź zakłada, że łagodna gorączka (37.5 stopnia) i złe samopoczucie są charakterystyczne dla przeziębienia. Na tej podstawie stwierdza się stabilność pacjenta i brak alarmistycznych objawów.",60,Możliwe pomylenie z innymi chorobami o podobnych objawach np. grypą czy alergią. Brak szczegółów dotyczących historii medycznej pacjenta i innych potencjalnych symptomów.,"['Niewielka gorączka 37.5 stopnia', 'złe samopoczucie']"
55,"Ból brzucha po obfitym posiłku, ustępujący samoistnie.",DO OBSERWACJI,DO OBSERWACJI,"Objawy są łagodne i ustępują samoistnie, prawdopodobnie spowodowane nadmiernym jedzeniem. ","Odpowiedź zakłada, że ból brzucha po obfitym posiłku jest prawdopodobnie spowodowany nadmiernym jedzeniem. Logika opiera się na powszechnej wiedzy, że spożywanie zbyt dużej ilości jedzenia może prowadzić do dyskomfortu żołądkowego.",70,"Możliwe pomylenie z innymi schorzeniami o podobnych objawach, np. gastryt, refluks żołądkowo-przełykowy. Brak informacji o innych objawach pacjenta.","['Objawy są łagodne i ustępują samoistnie', 'prawdopodobnie spowodowane nadmiernym jedzeniem']"
56,Zatkany nos i kichanie w okresie pylenia.,DO OBSERWACJI,DO OBSERWACJI,"Objawy są typowe dla alergii sezonowej, łagodne i ustępują zazwyczaj samoistnie.","Odpowiedź zakłada, że objawy pacjenta (zatka ny nos i kichanie) są typowe dla alergii sezonowej. Pomyślano, że okres pylenia jest wskazówką na alergię sezonową.",70,Możliwe pomylenie z innymi schorzeniami powodującymi te objawy.  Brak informacji o innych potencjalnych objawach lub historii medycznej pacjenta.,['Zatkany nos i kichanie w okresie pylenia.']
57,Lekki ból kolana po długim spacerze.,DO OBSERWACJI,DO OBSERWACJI,,BŁĄD PRZETWARZANIA,0,Invalid control character at: line 2 column 152 (char 153),[]
58,Okresowe kołatanie serca w sytuacjach stresowych.,DO OBSERWACJI,RACZEJ BŁAHE,"Kołatanie serca w stresujących momentach jest częstym objawem, który zazwyczaj nie stanowi zagrożenia dla zdrowia.","Odpowiedź zakłada, że kołatanie serca w stresujących momentach jest zjawiskiem naturalnym i zazwyczaj niegroźnym.",60,"Możliwe pomylenie z bardziej poważnymi problemami kardiologicznymi, które mogą się objawiać kołataniami serca. Brak informacji o częstotliwości i intensywności kołatania.",[]
59,Niewielkie zawroty głowy przy odwodnieniu.,DO OBSERWACJI,DO OBSERWACJI,Zawroty głowy związane z odwodnieniem są zazwyczaj łagodne i ustępują po nawodnieniu.,"Odpowiedź zakłada, że zawroty głowy związane z odwodnieniem są zazwyczaj łagodne i ustępują po nawodnieniu. Logika opiera się na powszechnej wiedzy medycznej o związku między odwodnieniem a zawrotami głowy.",80,"Możliwe pominięcie innych przyczyn zawrotów głowy, które nie są związane z odwodnieniem. Należy zbadać pełny obraz kliniczny pacjenta.",['Niewielkie zawroty głowy przy odwodnieniu.']
60,Przemijający ból pleców po długim siedzeniu.,DO OBSERWACJI,RACZEJ BŁAHE,"Przemijający ból pleców to częsty problem, który ustępuje po odpoczynku. Nie wymaga interwencji medycznej.","Odpowiedź zakłada, że przemijający ból pleców po długim siedzeniu jest powszechnym problemem, który rozwiązuje się samoistnie po odpoczynku.  Nie ma w analizie innych potencjalnych przyczyn bólu ani konsekwencji.",60,"Możliwe pomylenie z zwykłym dolegliwością mięśniową. Nie uwzględnia innych potencjalnych przyczyn bólu pleców, takich jak urazy, dyskopatie lub choroby autoimmunologiczne.","['Przemijający ból pleców', 'ustępuje po odpoczynku']"
61,Lekka biegunka trwająca jeden dzień.,DO OBSERWACJI,DO OBSERWACJI,"Lekka biegunka trwająca jeden dzień to zazwyczaj łagodny problem, który samoczynnie ustąpi. Warto pić dużo płynów.","Odpowiedź zakłada, że lekka biegunka trwająca jeden dzień jest standarowym problemem, który samoczynnie ustępuje.  Zdaniem modelu nie wymaga to interwencji medycznej.",70,"Możliwe pomylenie z poważniejszą przyczyną biegunki, zwłaszcza u osób w podeszłym wieku lub ze współistniejącymi chorobami.  Informacji o stanie pacjenta nie wystarczają do wykluczenia innych potencjalnych zagrożeń.","['lekka biegunka', 'jeden dzień']"
62,Zmęczenie po kilku dniach intensywnej pracy.,DO OBSERWACJI,DO OBSERWACJI,"Zmęczenie jest częstym objawem, zwłaszcza po intensywnym wysiłku. Nie wskazuje na poważne zagrożenie zdrowia.","Odpowiedź oparta jest na założeniu, że zmęczenie jest naturalnym następstwem intensywnego wysiłku fizycznego lub umysłowego.",70,"Możliwe pomylenie z przewlekłym zmęczeniem wynikającym z innych przyczyn niż jedynie intensywna praca. Nie uwzględniono ewentualnych towarzyszących objawów, które mogłyby wskazywać na poważniejsze schorzenie.","['Zmęczenie jest częstym objawem', 'Nie wskazuje na poważne zagrożenie zdrowia']"
63,Ból głowy związany z brakiem snu.,DO OBSERWACJI,DO OBSERWACJI,"Ból głowy spowodowany brakiem snu jest częstym i zazwyczaj łagodnym dolegliwością, która ustępuje po odpoczynku.","Odpowiedź zakłada, że ból głowy jest spowodowany brakiem snu, a następnie informuje o tym, że takie bóle są zazwyczaj łagodne i ustępują po odpoczynku.",70,Możliwe pomylenie z innymi przyczynami bólu głowy. Brak informacji o innych objawach pacjenta.,['Ból głowy związany z brakiem snu.']
64,Lekki kaszel bez innych objawów.,DO OBSERWACJI,DO OBSERWACJI,"Lekki kaszel bez innych objawów wskazuje na prawdopodobnie łagodne przeziębienie, które znika samoistnie.","Odpowiedź zakłada, że lekki kaszel bez innych objawów jest typowy dla łagodnego przeziębienia, a te znikają samoistnie.",70,"Pominięto możliwość innych przyczyn kashla, np. alergii, suchego powietrza, lub infekcji grzybiczych. Brak informacji o historii medycznej pacjenta.",['Lekki kaszel bez innych objawów.']
65,"Niewielkie bóle brzucha u dziecka, bez innych objawów.",DO OBSERWACJI,DO OBSERWACJI,"Niewielki ból brzucha sam w sobie nie wskazuje na poważne zagrożenie, warto obserwować dziecko i szukać innych objawów.","Odpowiedź opiera się na założeniu, że niewielki ból brzucha sam w sobie nie jest poważnym problemem medycznym.",70,"Możliwe pomylenie z bardziej poważnymi schorzeniami, które mogą początkowo objawiać się jedynie bólem brzucha. Brak innych informacji może być niebezpieczny.","['Niewielki ból brzucha sam w sobie nie wskazuje na poważne zagrożenie', 'warto obserwować dziecko i szukać innych objawów.']"
66,Uczucie suchości w gardle.,DO OBSERWACJI,DO OBSERWACJI,"Suchość w gardle jest częstym objawem, często związanym z suchym powietrzem lub przeziębieniem. Nie wskazuje na poważny stan zdrowia.","Odpowiedź zakłada, że uczucie suchości w gardle jest powszechnym objawem, często związanym z suchym powietrzem lub przeziębieniem. Logika opiera się na założeniu, że pacjent nie przedstawia dodatkowych symptomów wskazujących na poważniejsze schorzenie.",60,"Możliwe pomylenie z innymi chorobami, np. stanami zapalnymi gardła lub przełyku. Brak szczegółowych informacji o pacjencie uniemożliwia precyzyjną ocenę.","['Suchość w gardle jest częstym objawem', 'często związanym z suchym powietrzem lub przeziębieniem']"
67,Delikatna wysypka po nowym kosmetyku.,DO OBSERWACJI,RACZEJ BŁAHE,"Wysypka po użyciu nowego kosmetyku jest zwykle reakcją alergiczną, łagodną i ustępującą samoistnie.","Asystent medyczny zakłada, że 'delikatna wysypka' jest objawem reakcji alergicznej i opiera się na tym założeniu, aby stwierdzić, że będzie to prawdopodobnie łagodny przypadek ustępujący samoistnie.",70,"Możliwe pomylenie z innymi schorzeniami dermatologicznymi. Brak dokładnej informacji o typie wysypki, lokalizacji czy innych objawach.",['Delikatna wysypka po nowym kosmetyku.']
68,Ból karku po spaniu w niewygodnej pozycji.,DO OBSERWACJI,DO OBSERWACJI,"Ból karku po złej pozycji to częsty, łagodny problem, który zwykle ustępuje samoczynnie.","Odpowiedź zakłada, że ból karku po spaniu to typowy problem, który samoczynnie ustępuje. Zinterpretowała ona ""złej pozycji"" jako przyczynę bólu i skupiła się na częstotliwości i łagodności tego problemu.",60,"Możliwe pomylenie z bardziej poważnymi schorzeniami. Brak weryfikacji stopnia nasilenia bólu, trwania objawów oraz historii medycznej pacjenta.","['Ból karku po złej pozycji to częsty', 'łagodny problem', 'który zwykle ustępuje samoczynnie.']"
69,Okresowe bóle głowy przy zmianie pogody.,DO OBSERWACJI,DO OBSERWACJI,Bóle głowy związane z pogodą są powszechne i zazwyczaj nie stanowią poważnego zagrożenia dla zdrowia.,"Asystent medyczny zinterpretował objawy pacjenta jako ""bóle głowy związane z pogodą"", uznając je za powszechne i zazwyczaj niegroźne dla zdrowia.",60,Pominięto możliwość poważniejszych przyczyn bólu głowy. Zalecenie skłania się do bagatelizowania problemu bez dokładnego wywiadu i badania.,['Bóle głowy związane z pogodą są powszechne']
70,Krótkotrwałe uczucie osłabienia po stresie.,DO OBSERWACJI,RACZEJ BŁAHE,"Objaw jest krótkotrwały i związany ze stresem, co wskazuje na stan fizjologiczny.","Odpowiedź zakłada, że krótkotrwałość objawu i jego związek ze stresem są wystarczające do stwierdzenia, że jest to stan fizjologiczny. Nie analizuje jednak szczegółów uczucia osłabienia ani nie uwzględnia innych potencjalnych przyczyn.",30,Możliwe pomylenie z reakcją stresową a nie z objawem choroby. Brak analizy szczegółów i uwzględnienia innych możliwych przyczyn.,"['krótkotrwałe uczucie osłabienia', 'po stresie']"
71,Przejściowy ból brzucha po stresującej sytuacji.,DO OBSERWACJI,DO OBSERWACJI,"Przejściowy ból brzucha po stresie może być spowodowany napięciem mięśni, a nie poważnym problemem zdrowotnym. Warto jednak obserwować objawy i skonsultować się z lekarzem jeśli będą się nasilać.","Odpowiedź zakłada, że ""przejściowy ból brzucha"" jest w większości prawdopodobnie spowodowany napięciem mięśniowym, a nie poważnym problemem zdrowotnym. Zaleca obserwację objawów i konsultację lekarską w przypadku nasilenia bólu.",70,"Możliwe pominięcie innych przyczyn bólu brzucha, takich jak zaburzenia trawienne lub infekcje. Nie uwzględniono wieku pacjenta ani historii medycznej, które mogłyby wpływać na diagnozę.","['Przejściowy ból brzucha po stresie może być spowodowany napięciem mięśni', 'Warto jednak obserwować objawy i skonsultować się z lekarzem jeśli będą się nasilać']"
72,Lekki ból stawu po wysiłku.,DO OBSERWACJI,DO OBSERWACJI,Lekki ból jest częstym objawem i zazwyczaj ustępuje samoistnie. Warto obserwować stan.,"Odpowiedź zakłada, że lekki ból stawu po wysiłku jest powszechnym zjawiskiem, które zazwyczaj ustępuje samoistnie.  Nie uwzględnia jednak innych potencjalnych przyczyn bólu ani konieczności dalszej obserwacji w przypadku nasilania lub utrzymywania się objawów.",60,"Możliwe pomylenie z stanami zapalnymi stawu, urazem lub innymi schorzeniami.  Brak szczegółowych informacji o pacjencie uniemożliwia dokładną ocenę.","['Lekki ból jest częstym objawem', 'zazwyczaj ustępuje samoistnie']"
73,Niewielkie drętwienie palców po zimnie.,DO OBSERWACJI,RACZEJ BŁAHE,"Drętwienie palców po narażeniu na zimno jest częstym, łagodnym objawem i ustępuje zazwyczaj samoistnie.","Odpowiedź zakłada, że opisany objaw jest powszechny i łagodny, a więc prawdopodobnie nie wymaga interwencji medycznej. Rozważano zatem jedynie naturalne przyczyny drętwienia palców w reakcji na zimno.",70,"Możliwe pomylenie z innymi schorzeniami charakteryzującymi się drętwieniem. Niewykluczone, że drętwienie jest skutkiem dolegliwości bardziej poważnych, np. zaburzeń krążenia.","['Drętwienie palców po narażeniu na zimno jest częstym', 'łagodnym objawem']"
74,Uczucie ciężkości nóg po długim staniu.,DO OBSERWACJI,DO OBSERWACJI,"Uciśnienie nóg po długotrwałym stawaniu jest powszechnym zjawiskiem, które zazwyczaj ustępuje po odpoczynku. ","Odpowiedź zakłada, że uczucie ciężkości nóg po długim staniu jest powszechnym zjawiskiem, które samoistnie ustępuje po odpoczynku. Wnioskuje się, że nie ma potrzeby wdrażania dodatkowych działań.",70,"Możliwe pomylenie z innymi schorzeniami powodującymi uczucie ciężkości nóg, takimi jak żylaki, zapalenie żył, czy niedokrwistość. Brak analizy indywidualnych czynników pacjenta i jego historii medycznej.","['Uciśnienie nóg po długotrwałym stawaniu jest powszechnym zjawiskiem', 'zazwyczaj ustępuje po odpoczynku']"
75,Przemijające nudności bez wymiotów.,DO OBSERWACJI,DO OBSERWACJI,,BŁĄD PRZETWARZANIA,0,Illegal trailing comma before end of array: line 5 column 98 (char 600),[]
76,Lekki katar bez innych objawów.,RACZEJ BŁAHE,DO OBSERWACJI,"Lekki katar jest zazwyczaj łagodnym, samoistnie ustępującym objawem przeziębienia.","Odpowiedź zakłada, że ""lekki katar"" jest wskaźnikiem przeziębienia, ponieważ często występuje w jego trakcie.",70,"Możliwe pomylenie z innymi schorzeniami, które mogą powodować katar, np. alergią lub infekcją bakteryjną. Brak informacji o innych objawach pacjenta utrudnia precyzyjne diagnozowanie.",['Lekki katar']
77,Ból mięśni po siłowni.,RACZEJ BŁAHE,RACZEJ BŁAHE,"Ból mięśniowy po treningu jest normalnym zjawiskiem, zazwyczaj ustępuje samoistnie w ciągu kilku dni.","Odpowiedź zakłada, że ból mięśniowy jest powszechnym zjawiskiem pojawiającym się po treningu i zazwyczaj ustępuje samoczynnie. Nie analizuje innych potencjalnych przyczyn bólu ani nie kieruje pacjenta do dalszych badań.",60,"Możliwe pomylenie z innym schorzeniem, które również może powodować ból mięśni. Brak pyt o intensywność bólu, częstotliwość występowania czy lokalizację.","['Ból mięśniowy po treningu jest normalnym zjawiskiem', 'zazwyczaj ustępuje samoistnie w ciągu kilku dni']"
78,Zmęczenie po nieprzespanej nocy.,RACZEJ BŁAHE,RACZEJ BŁAHE,"Zmęczenie po niewyspieniu jest częstym dolegliwością, która zazwyczaj ustępuje samoistnie po odpoczynku.","Asystent medyczny zinterpretował 'zmęczenie po nieprzespanej nocy' jako typowe objawy niewyspania, które zazwyczaj ustępują samoistnie po odpoczynku.",70,"Możliwe pomylenie z poważniejszymi schorzeniami powodującymi zmęczenie, które wymagają dodatkowego badania. ","['Zmęczenie po niewyspieniu jest częstym dolegliwością', 'która zazwyczaj ustępuje samoistnie po odpoczynku']"
79,Jednorazowy ból głowy ustępujący po nawodnieniu.,RACZEJ BŁAHE,DO OBSERWACJI,"Jednorazowy, ustępujący ból głowy zazwyczaj nie jest powodem do niepokoju. Nawodnienie może być pomocne w łagodzeniu bólu.","Odpowiedź zakłada, że jednorazowy ból głowy, który ustępuje po nawodnieniu, jest prawdopodobnie spowodowany niedowodnieniem. Z tego powodu zaleca nawodnienie jako sposób łagodzenia bólu.",70,"Możliwe pominięcie innych potencjalnych przyczyn bólu głowy, np. stres, zmęczenie lub reakcja alergiczna. Zalecenie nawodnienia może nie być skuteczne w przypadku poważniejszych przyczyn bólu.","['Jednorazowy', 'ustępujący po nawodnieniu']"
80,Drobne skaleczenie palca.,RACZEJ BŁAHE,RACZEJ BŁAHE,"Skaleczenie palca to drobna rana, która nie wymaga natychmiastowej pomocy medycznej. Może być leczone w domu.","Odpowiedź zakłada, że 'drobne skaleczenie' jest czymś powszechnym i nie wymagającym natychmiastowej pomocy medycznej. Logika opiera się na założeniu, że wszystkie drobne skaleczenia są rany lekkie i samoleczące.",60,Możliwe pomylenie z poważniejszym urazem. 'Drobne' jest subiektywne. Brak informacji o głębokości skaleczenia lub potencjale zakażenia.,"['Skaleczenie palca to drobna rana', 'nie wymaga natychmiastowej pomocy medycznej']"
81,Niewielkie zaczerwienienie skóry po słońcu.,RACZEJ BŁAHE,RACZEJ BŁAHE,"Zaczerwienienie po słońcu jest powszechnym, łagodnym i przemijającym objawem.","Odpowiedź zakłada, że każde zaczerwienienie skóry po słońcu jest łagodnym i przemijającym objawem. Nie bierze pod uwagę ewentualnych innych przyczyn zaczerwienienia ani stopnia jego nasilenia.",60,"Możliwe pomylenie z alergią słoneczna lub oparzeniem słonecznym, które wymagają bardziej szczegółowych działań niż zwykłe łagodzenie. Nie uwzględniono stopnia zaczerwienienia ani innych objawów.",['Niewielkie zaczerwienienie skóry po słońcu.']
82,Krótkotrwały ból brzucha przed posiłkiem.,RACZEJ BŁAHE,DO OBSERWACJI,"Ból brzucha przed posiłkiem może być spowodowany głodem lub niedowagą, nie wskazuje na poważne zagrożenie zdrowia.","Odpowiedź zakłada, że krótkotrwały ból brzucha przed posiłkiem jest najprawdopodobniej spowodowany głodem lub niedowagą.",40,Odpowiedź jest zbyt pochopna i nie uwzględnia innych potencjalnych przyczyn bólu brzucha. Może być to symptom poważniejszych problemów zdrowotnych.,['Krótkotrwały ból brzucha przed posiłkiem.']
83,Chwilowe uczucie zimna bez gorączki.,RACZEJ BŁAHE,RACZEJ BŁAHE,"Chwilowe uczucie zimna samoistnie ustępuje, nie towarzyszy mu gorączka ani inne niepokojące objawy.","Odpowiedź zakłada, że chwilowe uczucie zimna jest łagodnym, samoistnie ustępującym objawem, na podstawie braku innych niepokojących symptomów.",70,"Możliwe pomylenie z poważniejszym schorzeniem, jeśli uczucie zimna będzie trwać dłużej niż chwilę lub pojawią się dodatkowe objawy.","['Chwilowe uczucie zimna samoistnie ustępuje', 'nie towarzyszy mu gorączka ani inne niepokojące objawy.']"
84,Swędzenie skóry po ukąszeniu komara.,RACZEJ BŁAHE,RACZEJ BŁAHE,"Swędzenie skóry po ukąszeniu komara to normalna reakcja alergiczna, zazwyczaj łagodna i samoistnie ustępująca.","Odpowiedź zakłada, że swędzenie to naturalna reakcja alergiczna na ukąszenie komara, a zazwyczaj jest łagodne i samoistnie ustępujące.",80,Możliwe pomylenie z innym rodzajem reakcji alergicznej lub ignorowanie potencjalnych komplikacji (np. nadwrażliwość na jad komara).,['Swędzenie skóry po ukąszeniu komara']
85,Ból głowy po długim czasie przed ekranem.,RACZEJ BŁAHE,DO OBSERWACJI,"Ból głowy po długotrwałym skupieniu się na ekranie jest częstym problemem, często wynikającym z zmęczenia oczu i napięcia mięśniowego. Zaleca się odpoczynek i krótkie przerwy od pracy przy komputerze.","Odpowiedź oparła się na założeniu, że ból głowy spowodowany jest przez zmęczenie oczu i napięcie mięśniowe, które często występują po długim czasie spędzonym przed ekranem.",75,"Pominięto inne potencjalne przyczyny bólu głowy, takie jak stres, dehydratacja lub problemy zdrowotne.  W przypadku uporczywego bólu należy skonsultować się z lekarzem.","['Ból głowy po długotrwałym skupieniu się na ekranie jest częstym problemem', 'często wynikającym z zmęczenia oczu i napięcia mięśniowego']"
86,Kichanie rano po przebudzeniu.,RACZEJ BŁAHE,DO OBSERWACJI,"Kichanie rano jest częstym objawem alergii lub zwykłego kataru, który zwykle ustępuje samoistnie.","Odpowiedź opiera się na założeniu, że kichanie rano jest powszechnym objawem alergii lub zwykłego kataru. Nie uwzględnia innych możliwych przyczyn kichania.",60,"Możliwe pomylenie z innymi schorzeniami powodującymi kichanie, takimi jak infekcje wirusowe czy nieżyt nosa.",[]
87,Uczucie pełności po obfitym posiłku.,RACZEJ BŁAHE,RACZEJ BŁAHE,"Uczucie pełności to normalna reakcja na obfity posiłek, zazwyczaj ustępuje samoistnie.","Odpowiedź zakłada, że uczucie pełności jest naturalną reakcją na obfity posiłek i automatycznie ustępuje.  Logika opiera się na powszechnym doświadczeniu.",70,"Możliwe pomylenie z bardziej poważnymi schorzeniami, takimi jak refluks żołądkowo-przełykowy lub problemy trawienne.  Należy zbadać dokładniej przyczyny uczucia pełności.","['Uczucie pełności to normalna reakcja na obfity posiłek', 'zazwyczaj ustępuje samoistnie']"
88,Delikatny ból gardła po rozmowie na zimnie.,RACZEJ BŁAHE,DO OBSERWACJI,"Delikatny ból gardła jest częstym objawem przeziębienia, który zazwyczaj ustępuje samoistnie w ciągu kilku dni.","Odpowiedź zakłada, że delikatny ból gardła jest powszechnym objawem przeziębienia, a przeziębienie zazwyczaj mija samoistnie w ciągu kilku dni. Wynika to z prostej skojarzenia bólu gardła z chorobami wirusowymi.",60,"Możliwe pomylenie z innymi schorzeniami wywołującymi ból gardła, np. anginą bakteryjną lub alergią. Brak informacji o innych objawach pacjenta.","['Delikatny ból gardła jest częstym objawem przeziębienia', 'który zazwyczaj ustępuje samoistnie w ciągu kilku dni.']"
89,Przemijające zawroty głowy po szybkim wstaniu.,RACZEJ BŁAHE,DO OBSERWACJI,"Zawroty głowy po zmianie pozycji mogą być spowodowane niedociśnieniem, co jest częstym i zazwyczaj łagodnym problemem.","Odpowiedź zakłada, że przemijające zawroty głowy po szybkim wstaniu są prawdopodobnie spowodowane niedociśnieniem. Logika opiera się na częstotliwości występowania tego problemu jako łagodnego objawu.",70,"Możliwe pomylenie z innymi przyczynami zawrotów głowy, takimi jak zaburzenia wewnątrznaczyniowe lub problemy z równowagą. Brak informacji o innych objawach pacjenta.",['Przemijające zawroty głowy po szybkim wstaniu.']
90,Niewielki ból stawu po zmianie pogody.,RACZEJ BŁAHE,DO OBSERWACJI,"Niewielki ból stawu jest częstym objawem, zwłaszcza przy zmianach pogody. Nie wskazuje na poważny stan zdrowia.","Odpowiedź zakłada, że niewielki ból stawu jest częstym objawem, szczególnie przy zmianach pogody. Na tej podstawie wnioskuje, że nie wskazuje to na poważny stan zdrowia.",70,"Możliwe pominięcie innych przyczyn bólu stawu, które mogą wymagać większej uwagi. Brak informacji o historii choroby pacjenta i indywidualnych czynnikach ryzyka.","['Niewielki ból stawu jest częstym objawem', 'zwłaszcza przy zmianach pogody']"
91,Lekki ból brzucha po stresie.,RACZEJ BŁAHE,DO OBSERWACJI,Lekki ból brzucha może być spowodowany stresem i zazwyczaj ustępuje samoczynnie. Warto jednak obserwować ewentualne zmiany.,"Odpowiedź zakłada, że ból brzucha pacjenta jest spowodowany stresem na podstawie wyrażenia ""po stresie"". Następnie sugeruje obserwację ewentualnych zmian w bólu jako sposób radzenia sobie z dolegliwością.",70,Możliwe pomylenie z innymi przyczynami bólu brzucha. Nie uwzględniono innych potencjalnych przyczyn lub konieczności konsultacji lekarskiej w przypadku nasilenia się bólu.,['Lekki ból brzucha może być spowodowany stresem']
92,Zmęczenie po długim dniu.,RACZEJ BŁAHE,RACZEJ BŁAHE,Zmęczenie po długim dniu jest normalnym odczuciem i zazwyczaj nie wymaga żadnej interwencji medycznej.,"Odpowiedź zakłada, że zmęczenie wynikające z intensywnego dnia jest powszechnym doświadczeniem i nie wymaga medycznej ingerencji.",60,"Możliwe pomylenie z poważniejszym schorzeniem powodującym zmęczenie. Nie uwzględniono innych potencjalnych przyczyn zmęczenia, takich jak choroby przewlekłe lub niedobory witamin.",['Zmęczenie po długim dniu jest normalnym odczuciem']
93,Chwilowy dyskomfort w klatce piersiowej przy zdenerwowaniu.,RACZEJ BŁAHE,DO OBSERWACJI,"Objaw może wskazywać na stres lub napięcie mięśniowe, nie jest to typowy objaw poważnej choroby serca.","Odpowiedź zakłada, że objaw 'chwilowego dyskomfortu w klatce piersiowej przy zdenerwowaniu' jest powiązany ze stresem lub napięciem mięśniowym. Logika opiera się na powszechnym postrzeganiu stresu jako czynnika powodującego napięcie mięśniowe, a tym samym potencjalne dolegliwości bólowe.",70,"Możliwe pomylenie z prawdziwymi objawami choroby serca. Brak weryfikacji czy pacjent odczuwa inne symptomy  takie jak duszność, ból promieniujący do ramienia lub poty.",['Chwilowy dyskomfort w klatce piersiowej przy zdenerwowaniu.']
94,Ból karku po pracy przy komputerze.,RACZEJ BŁAHE,DO OBSERWACJI,"Ból karku po pracy przy komputerze jest częstym problemem, który zazwyczaj ustępuje samodzielnie. ","Odpowiedź zakłada, że ból karku po pracy przy komputerze jest powszechnym problemem, który zwykle ustępuje bez specjalistycznego leczenia.",60,"Możliwe pominięcie poważnych przyczyn bólu karku, które wymagają dalszego badania i leczenia. Nie biorąc pod uwagę wieku pacjenta, historii chorób czy innych potencjalnych czynników ryzyka.",['Ból karku po pracy przy komputerze jest częstym problemem']
95,Jednorazowe uczucie nudności bez innych objawów.,RACZEJ BŁAHE,RACZEJ BŁAHE,Jednorazowe nudności nie wskazują na poważne zagrożenie zdrowia. Prawdopodobnie są spowodowane czynnikami przejściowymi.,"Odpowiedź zakłada, że jednorazowe nudności nie są powodem do niepokoju ze względu na ich przejściowy charakter. Użyto argumentu, że pojedynczy incydent nie wskazuje na poważne zagrożenie zdrowia.",70,Możliwe pomylenie z przypadkami nudności będących objawem poważniejszego schorzenia. Należy zbadać szczegółowy przebieg zdarzeń i inne potencjalne czynniki wpływające na wystąpienie nudności.,['Jednorazowe uczucie nudności bez innych objawów.']
96,Lekki świąd skóry bez zmian widocznych.,RACZEJ BŁAHE,RACZEJ BŁAHE,"Lekki świąd skóry bez innych objawów wskazuje na dolegliwości kosmetyczne lub chwilowe, nie wymagające natychmiastowej interwencji.","Odpowiedź zakłada, że lekki świąd skóry bez innych objawów jest wskaźnikiem dolegliwości kosmetycznych lub chwilowych, nie wymagających natychmiastowej interwencji. Logika opiera się na założeniu, że małe dokuczliwe objawy zazwyczaj nie są poważne i ustępują same z siebie.",70,"Możliwe pomylenie z stanami zapalnymi skóry lub alergią, które mogą początkowo objawiać się jedynie świądem bez widocznych zmian. Zalecenia powinny uwzględniać konsultację lekarską w przypadku utrzymywania się świadu.","['lekki świąd skóry', 'bez innych objawów']"
97,Uczucie zimnych dłoni w chłodnym otoczeniu.,RACZEJ BŁAHE,RACZEJ BŁAHE,Uczucia zimna w dłoniach w chłodnym otoczeniu są normalne i nie wskazują na poważne problemy zdrowotne.,"Odpowiedź zakłada, że uczucie zimna w dłoniach jest naturalną reakcją na chłodne środowisko i nie wymaga dalszej analizy.",60,"Możliwe pomylenie z innymi schorzeniami powodującymi zimne dłonie, np. niedokrwistością lub zaburzeniami krążenia.",['Uczucia zimna w dłoniach w chłodnym otoczeniu są normalne ']
98,Chwilowe mrowienie ręki po ucisku.,RACZEJ BŁAHE,RACZEJ BŁAHE,"Mrowienie ręki po ucisku jest objawem zazwyczaj łagodnym i przejściowym, związanym z naciskiem na nerw.","Odpowiedź zakłada, że krótkotrwałe mrowienie ręki po nacisku jest zjawiskiem powszechnym i niegroźnym wynikającym z uciśnięcia nerwów.",70,"Mimo że mrowienie po ucisku często jest łagodne,  istnieje ryzyko innych przyczyn. Brak informacji o częstotliwości, intensywności i lokalizacji mrowienia uniemożliwia pełną diagnozę.",['Chwilowe mrowienie ręki po ucisku.']
99,Niewielkie napięcie mięśni szyi.,RACZEJ BŁAHE,DO OBSERWACJI,"Lekkie napięcie mięśń szyi nie wskazuje na poważny stan zdrowia. Warto obserwować, czy objawy się nasilą.","Odpowiedź zakłada, że 'lekki nacisk na mięśnie szyi' jest objawem niegroźnym. Używa tego założenia, aby zalecić obserwację sytuacji.",60,"Możliwe pomylenie z poważniejszymi schorzeniami powodującymi napięcie mięśni szyi, np. stan zapalny kręgosłupa lub guzy. Brak szczegółowej historii medycznej pacjenta.",['Niewielkie napięcie mięśń szyi']
100,Krótkotrwały ból ucha po zmianie ciśnienia.,RACZEJ BŁAHE,RACZEJ BŁAHE,"Ból ucha po zmianie ciśnienia jest częstym i krótkotrwałym problemem, który zazwyczaj ustępuje samoczynnie.","Odpowiedź zakłada, że krótkotrwałość bólu jest wystarczającym argumentem do stwierdzenia, że problem zniknie samoczynnie.",60,"Brak wzmianki o potencjalnych poważniejszych przyczynach bólu ucha, wymaga analizy historii pacjenta i dalszych badań w razie potrzeby.","['Ból ucha po zmianie ciśnienia jest częstym i krótkotrwałym problemem', 'który zazwyczaj ustępuje samoczynnie.']"
